isic_id,target
ISIC_0015657,0.26543386388724244
ISIC_0015729,0.011572167981132888
ISIC_0015740,0.3280488881704676
